Ripetizione,Angolo_Ginocchio,Angolo_Schiena_Femore
1,112.54246800701645,92.5201160754848
2,115.29363489051887,95.53386624240648
